{"ParticleSystem":{"Type":7,"UUID":1622158295,"Billboard":{"Type":1},"Start":{"Position":[0,6.7140984535217285,0],"Rotation":[0,0,0,1],"Velocity":[-1.28432297706604,2.9023923873901367,-0.40820771455764771],"Force":[0,2,0],"Speed":3.2000000476837158,"Color":[1,0,0,1],"Size":1,"LightColor":[0,0,0,0],"MaxLifeTime":4,"ChangeOverLifeTime":true},"End":{"Color":[0.85398232936859131,0.23049966990947723,0.23049966990947723,1],"Size":0,"LightColor":[0,0,0,0],"Force":[0,-8,0]},"Emmitter":{"Shape":0,"Radius":5,"OutRadius":10,"MaxLife":0.20000000298023224,"CurrentLife":0.20200002193450928,"SpawnRate":10,"Delay":0,"Loop":false,"Position":[0,6.7140984535217285,0],"RelativePosition":[0,0,0],"WorldPosition":[0,6.7140984535217285,0],"Rotation":[-0,0,-0],"Scale":[0,0,0]},"Bursts":{"Size":1},"Burst":{"TimeBurst-0":0.10000000149011612,"PartsInstanciate-0":500},"Blending":{"Source":6,"Destination":7,"Equation":0},"Resource Material Name":"standard_particle_W","Resource Material UUID":434331681,"Resource Material File":"Assets\/Textures\/standard_particle_W.png","Resource Material Path":"Library\/Textures\/434331681.dds"}}